Adopter-001,5,user-201,They provided excellent follow-up photos and updates.,12/05/2025 09:00:00 AM
Adopter-002,4,user-202,Was slightly slow to respond to initial inquiries.,12/05/2025 09:05:30 AM
Adopter-003,5,user-301,Fantastic home environment for the pet. Highly approved.,12/05/2025 09:10:00 AM
Adopter-004,3,user-401,Needs more experience handling large dogs.,12/05/2025 09:15:30 AM
Adopter-005,5,user-601,The interview process was smooth and they were very prepared.,12/05/2025 09:20:00 AM
Adopter-006,5,user-203,Immediate bond with the new kitten. Great match.,12/05/2025 09:25:00 AM
Adopter-007,1,user-302,Failed to provide necessary veterinary references.,12/05/2025 10:00:00 AM
Adopter-008,4,user-602,Professional and punctual during the home visit.,12/05/2025 10:05:30 AM
Adopter-009,5,user-402,Quickest adoption turnaround time I've processed.,12/05/2025 10:10:00 AM
Adopter-010,3,user-204,Their current living situation changed unexpectedly.,12/05/2025 10:15:30 AM
Adopter-011,5,user-603,Exceeded requirements for secure fencing and yard space.,12/05/2025 11:00:00 AM
Adopter-012,4,user-403,Follow-up checks confirmed the pet is happy and healthy.,12/05/2025 11:05:00 AM
Adopter-013,1,user-205,Did not pass the initial background check.,12/05/2025 11:10:00 AM
Adopter-014,5,user-303,Seamless integration of the senior dog into their family.,12/05/2025 11:15:30 AM
Adopter-015,2,user-604,Misrepresented their working hours and time available.,12/05/2025 11:20:00 AM
Adopter-016,5,user-206,Everything was perfect as described in their application.,12/05/2025 01:00:00 PM
Adopter-017,3,user-404,Needed a lot of guidance on pet care basics.,12/05/2025 01:05:00 PM
Adopter-018,5,user-605,Highly recommended. Dedicated and loving new pet owners.,12/05/2025 01:10:00 PM
Adopter-019,4,user-207,Minor delay in returning signed paperwork but overall good.,12/05/2025 01:15:30 PM
Adopter-020,5,user-304,Best environment I have seen for a rescue animal.,12/05/2025 01:20:00 PM